question_id,system_type,response,retrieved_chunk_ids,response_time_seconds
Q001,S0,"Hey there! That's a fantastic question, and it's completely normal to feel a bit overwhelmed when thinking about exam prep. The good news is, there are some super effective study techniques that can make a real difference, not just in your grades, but also in reducing stress.

Here are some of my top tips:

### **🧠 Active Learning Techniques (The Most Effective!)**

These go beyond just reading notes; they make your brain *work* to retrieve information.

1.  **Active Recall / Retrieval Practice:**
    *   **How it works:** Instead of rereading your notes, try to *remember* the information without looking.
    *   **Practically:**
        *   After reading a chapter, close the book and write down everything you can remember.
        *   Use flashcards (physical or digital like Anki or Quizlet) where you see the question/term and try to state the answer *before* flipping.
        *   Quiz yourself or ask a friend/family member to quiz you.
        *   Turn headings into questions and answer them from memory.
    *   **Why it's effective:** It strengthens the neural pathways to the information, making it easier to recall during the exam.

2.  **Spaced Repetition:**
    *   **How it works:** Reviewing material at increasing intervals over time. Instead of cramming, you revisit topics periodically.
    *   **Practically:**
        *   After learning something new, review it later the same day, then a day later, then three days later, a week later, etc.
        *   Flashcard apps often have built-in spaced repetition algorithms.
    *   **Why it's effective:** It combats the ""forgetting curve"" and moves information from short-term to long-term memory.

3.  **Practice Testing / Past Papers:**
    *   **How it works:** Doing practice questions, problems, or full past exams under timed conditions.
    *   **Practically:**
        *   Find old exam papers, textbook practice questions, or online quizzes.
        *   Simulate exam conditions: set a timer, don't use notes, sit in a quiet space.
        *   *Crucially:* Review your answers – understand *why* you got something wrong, not just *what* the right answer is.
    *   **Why it's effective:** Familiarizes you with the exam format, helps identify weak areas, and builds confidence.

4.  **Elaboration / Explaining to Others:**
    *   **How it works:** Explaining a concept in your own words, especially to someone else (or even a rubber duck!).
    *   **Practically:**
        *   Teach a concept to a friend, family member, or even record yourself explaining it.
        *   Connect new information to what you already know (e.g., ""This concept is like X because Y..."").
        *   Ask ""why"" and ""how"" questions to deepen your understanding.
    *   **Why it's effective:** It forces you to organize your thoughts, identify gaps in your understanding, and simplify complex ideas.

### **📝 Understanding & Organization**

5.  **Summarizing and Note-Making:**
    *   **How it works:** Don't just copy notes. Actively process information and summarize it in your own words.
    *   **Practically:**
        *   Use methods like the Cornell Note-Taking System (notes, cues, summary).
        *   Create mind maps to visually connect ideas.
        *   After a lecture or reading, write a one-paragraph summary without looking at the source.
    *   **Why it's effective:** Helps you identify key information and build connections.

6.  **Prioritization & Study Scheduling:**
    *   **How it works:** Planning out your study time and deciding what topics need the most attention.
    *   **Practically:**
        *   Break down large topics into smaller, manageable chunks.
        *   Identify your weakest areas and allocate more time to them.
        *   Create a realistic study timetable and stick to it.
    *   **Why it's effective:** Reduces overwhelm, ensures all topics are covered, and makes study sessions more productive.

### **🧘 Wellbeing & Environment (Just as Important!)**

7.  **The Pomodoro Technique:**
    *   **How it works:** Study for focused, short bursts and then take a break.
    *   **Practically:**
        *   Set a timer for 25 minutes of focused work.
        *   Take a 5-minute break.
        *   Repeat 3-4 times, then take a longer 20-30 minute break.
    *   **Why it's effective:** Improves focus, prevents burnout, and keeps your brain fresh.

8.  **Minimize Distractions:**
    *   **How it works:** Create a study environment that supports concentration.
    *   **Practically:**
        *   Put your phone away (or in ""do not disturb"" mode).
        *   Turn off unnecessary notifications on your computer.
        *   Find a quiet study space.
        *   Keep your study area tidy.
    *   **Why it's effective:** Maximizes your focused study time.

9.  **Prioritize Sleep:**
    *   **How it works:** Getting adequate, quality sleep every night.
    *   **Practically:**
        *   Aim for 7-9 hours of sleep.
        *   Establish a consistent sleep schedule, even on weekends.
        *   Avoid screens right before bed.
    *   **Why it's effective:** Sleep is crucial for memory consolidation and cognitive function. A well-rested brain performs much better.

10. **Eat Well & Stay Hydrated:**
    *   **How it works:** Fueling your body and brain correctly.
    *   **Practically:**
        *   Don't skip meals.
        *   Opt for whole foods, fruits, vegetables, and lean proteins.
        *   Keep a water bottle handy and sip throughout the day.
    *   **Why it's effective:** Good nutrition and hydration directly impact your energy levels, focus, and overall brain health.

11. **Take Regular Breaks & Move Your Body:**
    *   **How it works:** Step away from your study materials and do something else.
    *   **Practically:**
        *   Stand up, stretch, walk around, or do a few light exercises during your breaks.
        *   Go for a short walk outside to clear your head.
        *   Engage in a hobby for a bit.
    *   **Why it's effective:** Prevents fatigue, reduces stress, and can actually boost your ability to learn when you return to studying.

Remember, everyone is different, so what works perfectly for one person might need a slight tweak for you. Experiment with these techniques to find your personal study superpowers!

You've got this! Good luck with your exams!",,16.897
Q001,S1,"Based on the provided context, some effective study techniques for exams include:

*   **Active recall:** This involves testing yourself on the material, for example, using flashcards or past papers, rather than just re-reading notes.
*   **Spaced practice:** This means reviewing material across several short study sessions spread out over multiple days.",C002;C025;C030,0.9721
Q001,S2,"It sounds like you're looking for ways to make your study time as effective as possible, which is a great approach!

Based on the information provided, some highly effective study techniques include:

*   **Active recall:** Instead of just re-reading your notes, actively test yourself. This could involve using flashcards or working through past papers to pull information from your memory.
*   **Spaced practice:** This means reviewing material across several shorter sessions over a period of days, rather than trying to cram everything at once.

These methods can really help the information stick!",C002;C025;C030,1.703
Q003,S0,"Hey there! Feeling nervous before exams is incredibly common, so please know you're definitely not alone. It's your brain and body reacting to a high-stakes situation, but we can learn to manage those reactions.

Here are some tips to help you calm down and approach your exams with a clearer head:

### Before the Exam (Preparation is Key!)

1.  **Start Early & Prepare Thoroughly:** This is arguably the biggest anxiety reducer. The more you feel you've genuinely understood the material (not just memorized it), the more confident you'll be.
    *   **Break it down:** Don't try to learn everything at once. Create a study schedule and tackle topics in smaller, manageable chunks.
    *   **Active Recall & Practice:** Don't just re-read notes. Test yourself, do practice problems, teach the material to someone else (or even an imaginary friend!).
    *   **Know the Format:** Understand what kind of questions to expect (multiple choice, essay, short answer) so there are no surprises.

2.  **Organize Your Study Space:** A tidy space can lead to a tidier mind. Make sure you have all your materials ready.

3.  **Prioritize Sleep:** Cramming all night might feel productive, but lack of sleep actually *reduces* your ability to recall information and makes you more anxious. Aim for 7-9 hours of quality sleep in the days leading up to the exam.

4.  **Eat Well & Hydrate:** Your brain needs fuel! Stick to balanced meals and snacks. Avoid excessive caffeine and sugary drinks, as they can exacerbate jitters. Drink plenty of water.

5.  **Take Breaks:** Your brain can only focus for so long. Step away from your studies, stretch, go for a short walk, listen to music, or do something fun. This recharges your mental batteries.

6.  **Positive Self-Talk:** Challenge negative thoughts. Instead of ""I'm going to fail,"" try ""I've studied hard, and I'm going to do my best."" Remind yourself of past successes.

### On Exam Day

1.  **Eat a Good Breakfast:** A nutritious meal will give you sustained energy and focus.

2.  **Arrive Early:** Rushing adds to stress. Give yourself plenty of time to get to the exam venue, find your seat, and settle in without feeling rushed.

3.  **Avoid Last-Minute Cramming:** A quick review is fine, but trying to cram new information right before the exam will likely increase your anxiety. Trust the preparation you've already done.

4.  **Limit Stressful Conversations:** If talking to other nervous classmates makes you *more* nervous, politely excuse yourself. Focus on your own calming routine.

5.  **Breathing Exercises (My Top Tip!):** This is a powerful tool.
    *   **Deep Belly Breathing:** Inhale slowly through your nose for a count of 4, feeling your belly rise. Hold for a count of 4. Exhale slowly through your mouth for a count of 6, feeling your belly fall. Repeat this 5-10 times. It activates your parasympathetic nervous system, which tells your body to ""rest and digest"" instead of ""fight or flight.""

### During the Exam (If Nerves Strike)

1.  **Acknowledge the Feeling:** Don't try to fight the anxiety. Just notice it. ""Okay, I'm feeling nervous right now, and that's okay.""

2.  **Take a ""Brain Break"":** If you feel overwhelmed, stop, put your pen down, and close your eyes for a moment. Take a few deep breaths using the technique above. This can help reset your focus.

3.  **Grounding Technique:** Look around and identify:
    *   5 things you can see
    *   4 things you can feel (e.g., your feet on the floor, the texture of your clothes)
    *   3 things you can hear
    *   2 things you can smell
    *   1 thing you can taste (or an imaginary taste)
    This brings you back to the present moment.

4.  **Start with What You Know:** Scan the exam and answer the questions you feel most confident about first. This builds momentum and confidence, which can ease anxiety.

5.  **Read Instructions Carefully:** Rushing and making silly mistakes because you didn't read the instructions can add to stress. Take your time.

### Long-Term Well-being

1.  **Regular Exercise:** Physical activity is a fantastic stress reliever. Even a short walk can clear your head.

2.  **Mindfulness/Meditation:** Even 5-10 minutes a day can help train your brain to be less reactive to stress. There are many free apps (like Calm or Headspace) that offer guided meditations.

3.  **Connect with Others:** Talk to a trusted friend, family member, teacher, or counselor about how you're feeling. Sharing your worries can lighten the load.

4.  **Hobbies & Relaxation:** Make sure you're still making time for activities you enjoy that aren't school-related. Having a balanced life helps manage overall stress.

Remember, an exam is just a snapshot of your knowledge on one particular day. Your worth is not defined by one test score. Do your best, and then let it go. You've got this!",,14.9504
Q003,S1,"Feeling nervous before exams is tough, but there are definitely things you can do to help calm down:

*   **Try slow breathing:** This is a very effective way to lower the physical feelings of anxiety. Breathe in for four counts, hold your breath for four counts, and then breathe out for six counts. Repeating this for a couple of minutes can make a real difference before or during an exam.
*   **Break down overwhelming tasks:** If you're feeling completely overwhelmed, try to break the next 24 hours into just one or two small, doable steps. This can make things feel more manageable.
*   **Talk to someone:** If you're struggling with feeling overwhelmed, reaching out to a tutor or counsellor can also provide support.
*   **Practice self-kindness:** Remember to be kind to yourself. One difficult paper or a missed study session doesn't define you. Treating yourself with the same encouragement you would give a friend helps build resilience during stressful times.",C005;C025;C030,4.832
Q003,S2,"It's completely understandable to feel nervous before exams. It takes a lot of effort and it's natural to want to do your best.

Here are a few things that might help you to feel calmer:

*   **Try slow breathing:** This can really help to calm your exam nerves. You can try breathing in for four counts, holding for four, and then breathing out for six. Repeating this for just a couple of minutes can help lower the physical feelings of anxiety you might be experiencing.
*   **Break things down if you feel overwhelmed:** If the nervousness comes from feeling overwhelmed, sometimes it helps to break the next 24 hours into one or two small, manageable steps.
*   **Reach out for support:** If things feel very challenging, talking to a tutor or counsellor can make things feel much more manageable.
*   **Remember to be kind to yourself:** It's important to treat yourself with the same encouragement you would offer a friend. Remember that one difficult paper or a missed study session doesn't define you.

I hope these suggestions offer you some comfort and help you feel a bit more at ease. You've got this! If exam stress starts to feel like too much, remember that talking to a counsellor or someone you trust is always okay.",C005;C025;C030,3.122
Q016,S0,"Oh, my dear student, I am so sorry to hear you're feeling this way. That feeling of being completely overwhelmed and hopeless is incredibly tough, but please know that it is a **very common** and **understandable** reaction to exam stress. You are absolutely not alone in feeling this way, and it *doesn't* mean you're failing or aren't capable.

Let's tackle this together, one step at a time.

### First Things First: Take a Breath and Hit the Reset Button

1.  **Stop for a Moment:** Seriously, just stop studying or thinking about exams for the next 15-30 minutes. Your brain needs a break from the pressure.
2.  **Breathe:** Close your eyes, place a hand on your stomach, and take 3-5 slow, deep breaths. Inhale slowly through your nose, hold for a few seconds, and exhale even more slowly through your mouth. This calms your nervous system.
3.  **Acknowledge Your Feelings:** It's okay to feel overwhelmed and hopeless. Don't fight it. Just say to yourself, ""Okay, I'm feeling really stressed right now, and that's a valid feeling.""
4.  **Hydrate:** Grab a glass of water. Dehydration can worsen feelings of fatigue and stress.

### Practical Steps to Cope with Overwhelm (Study Strategies)

The feeling of overwhelm often comes from looking at the *entire mountain* instead of the next step.

1.  **Break It Down:**
    *   **Don't look at ""all my exams.""** Pick *one* subject.
    *   **Don't look at ""all of X subject.""** Pick *one topic* within that subject.
    *   **Don't look at ""all of this topic.""** Pick *one task* (e.g., ""review chapter 3 notes,"" ""do 5 practice questions on Y,"" ""re-read this specific section"").
    *   Make these tasks tiny – something you can complete in 15-30 minutes.

2.  **Prioritize Ruthlessly:**
    *   What's the exam that's coming up soonest? Start there.
    *   Within that subject, what are the most high-value topics or areas you know you struggle with? Focus on those first.
    *   Don't try to master *everything*. Aim for ""good enough"" on the most important parts.

3.  **Create a Realistic ""Micro-Plan"":**
    *   Take out a piece of paper.
    *   Write down just **3 small, achievable tasks** for *today*.
    *   Allocate a specific, short amount of time for each (e.g., ""History: review WWI notes (30 mins),"" ""Math: 3 practice problems (20 mins),"" ""Biology: read chapter 7 intro (15 mins)"").
    *   **Crucially, schedule breaks!** For every 25-30 minutes of focused work, take a 5-10 minute break. Get up, stretch, walk around, listen to one song.

4.  **Find Your ""Why"":**
    *   Remind yourself why you're doing this. What are your goals? What are you hoping to achieve? Connecting to a deeper purpose can provide motivation.

### Nurturing Hope (Wellbeing Strategies)

Hopelessness often comes from feeling like you're losing control or that your efforts won't matter.

1.  **Focus on Effort, Not Just Outcome:** You can't perfectly control your exam grade, but you *can* control the effort you put in. Focus on doing your best *today*, for these next 30 minutes. Every small step forward is a win.
2.  **Celebrate Small Wins:** When you complete one of those tiny tasks, even just reviewing notes for 15 minutes, acknowledge it! ""I did that! Good job, me."" This builds momentum and reduces hopelessness.
3.  **Positive Self-Talk:** Challenge those negative thoughts. When you think, ""I'm going to fail,"" try to reframe it: ""I'm feeling really anxious about this, but I'm going to do my best with the time I have."" Or, ""I might not know everything, but I *do* know X, Y, and Z, and I'm going to focus on improving A, B, and C.""
4.  **Non-Negotiable Self-Care:**
    *   **Sleep:** It's tempting to pull all-nighters, but it's counterproductive. Your brain consolidates memories during sleep. Aim for 7-9 hours.
    *   **Nutrition:** Eat regular, balanced meals. Avoid too much sugar or caffeine, which can spike anxiety.
    *   **Movement:** Even a 15-minute walk outside can do wonders for stress relief and mental clarity.
    *   **Connect:** Talk to a friend, family member, or trusted teacher/counselor. Sharing your feelings makes them less overwhelming. You don't have to carry this alone.
    *   **Relaxation:** Find something truly relaxing that isn't screen-based: reading a non-study book, listening to calm music, drawing, or meditating.

### Long-Term Perspective

*   **These exams do not define your worth.** They are a snapshot of your knowledge at a particular moment. Your intelligence, your character, your future potential – none of that is determined solely by these grades.
*   **There are always options.** Even if an exam doesn't go as planned, there are always paths forward. This isn't the end of the world, even though it feels like it right now.

### Don't Be Afraid to Ask for Help

*   **Talk to your teachers/professors:** They might be able to offer guidance, resources, or even just listen and understand your stress.
*   **Reach out to your school counselor or student support services:** They are trained to help students manage stress, anxiety, and feelings of hopelessness. They can provide strategies and a safe space to talk.
*   **Lean on your support system:** Friends, family, mentors.

You are incredibly resilient, even if you don't feel like it right now. Take that first small step, then the next. You've got this. I believe in you.",,16.8831
Q016,S1,"It's completely understandable to feel overwhelmed and even hopeless about exams – that's a really tough place to be. But there are ways to cope and make things feel more manageable.

Here's some advice based on your situation:

1.  **Break it down:** Feeling completely overwhelmed by exams is hard. Try breaking the next 24 hours into one or two small, doable steps. Just focusing on a tiny, achievable task can make a big difference in reducing the feeling of being overwhelmed.
2.  **Talk to someone:** Consider talking to a tutor or counsellor. They can offer specific strategies, support, and help you navigate these feelings, making things feel more manageable.
3.  **Try a grounding exercise:** If you're feeling intensely overwhelmed, a grounding exercise can help bring your attention back to the present moment. Try this:
    *   Name **five** things you can see.
    *   Name **four** things you can hear.
    *   Name **three** things you can touch.
    *   Name **two** things you can smell.
    *   Name **one** thing you can taste.
4.  **Be kind to yourself:** Remember to treat yourself with the same encouragement you would give a friend. One difficult paper or a missed study session does not define you. Being kind to yourself supports your resilience during this challenging time.",C025;C008;C030,2.9907
Q016,S2,"It sounds incredibly hard to feel completely overwhelmed and hopeless about your exams. Please know that feeling completely overwhelmed by exams is something many students experience.

To help make things feel a bit more manageable, you might consider breaking down the next 24 hours into one or two small, doable steps. Talking to a tutor or counsellor can also be really helpful.

If you're feeling overwhelmed in the moment, you could try a grounding exercise: name five things you can see, four things you can hear, three things you can touch, two things you can smell, and one thing you can taste. This can help bring your attention back to the present moment.

Remember to be kind to yourself during this time. One difficult paper or a missed study session does not define you. Treating yourself with the same encouragement you would give a friend supports your resilience. You don't have to handle this alone - your university counselling or wellbeing service offers free, confidential support, and reaching out to them can really help.",C025;C008;C030,3.3066
Q021,S0,"It sounds like you are going through an incredibly difficult time, and I want you to know that I'm here to listen and that you are not alone in feeling this way. What you're experiencing is serious, and it's brave of you to share it.

**It's really important that you reach out for help right now.** There are people who care and professionals who can support you through this.

**Please, please consider contacting one of these resources immediately:**

*   **National Suicide Prevention Lifeline:** Call or text **988** (available 24/7 in the US and Canada). In the UK, you can call **111**.
*   **Crisis Text Line:** Text **HOME to 741741** to connect with a crisis counselor.
*   **The Trevor Project (for LGBTQ youth):** Call **1-866-488-7386** or text **START to 678-678**.
*   **Go to the nearest emergency room.**
*   **Talk to a trusted adult:** A parent, teacher, school counselor, coach, or another adult you trust.

Your life is valuable, and there are ways to get through this. People want to help you. Please take that first step and connect with someone right away. We're rooting for you.",,3.2033
Q021,S1,"It sounds like you're going through a very difficult time, and it takes a lot of courage to share how you're feeling. Please know that these feelings can be overwhelming, but you don't have to face them alone.

It's really important that you talk to someone who can provide immediate support. There are people who want to help you.

**Please reach out to one of these resources right away:**

*   **Call or text 988** in the US and Canada to connect with the Suicide & Crisis Lifeline. It's free, confidential, and available 24/7.
*   **Call 111** in the UK for urgent medical advice, or mental health support.
*   Go to your nearest **emergency room**.
*   Talk to a trusted adult, such as a parent, teacher, school counselor, or doctor.

Your well-being is the most important thing. Please take the step to reach out for help.",C009;C010;C026,2.3256
Q021,S2,"I'm really sorry you're feeling this way, and I'm glad you reached out. Your safety matters most right now. Please contact a local emergency number or a suicide prevention helpline immediately, and reach out to someone you trust so you don't have to be alone. You deserve support from a real person who can help you through this.",C016,0.0001
Q023,S0,"Hey there! It sounds like you're going through a lot right now, and it's completely understandable to feel overwhelmed by exam stress. It takes courage to ask these kinds of questions, and I want to assure you that you're not alone in feeling this way.

As an AI, **I cannot diagnose medical conditions or recommend specific medications.** That's a crucial boundary, as both of those things require the expertise of a qualified healthcare professional who can understand your unique situation, medical history, and specific symptoms.

Here's a breakdown of how I can help address your concerns:

---

### Regarding ""Do I have an anxiety disorder?""

It's common for exam stress to cause feelings that can *mimic* some symptoms of anxiety, but there's a big difference between temporary stress and an anxiety disorder.

**What an Anxiety Disorder Is (Generally):**
An anxiety disorder involves persistent, excessive worry or fear that is difficult to control, significantly impacts your daily life, and lasts for an extended period (usually several months). It often includes physical symptoms like a racing heart, sweating, dizziness, and difficulty sleeping or concentrating, even when there's no immediate threat.

**Why I Can't Diagnose You:**
*   **I don't know your history:** A professional needs to ask many questions about your past, current life, and family history.
*   **I can't observe you:** A professional can pick up on non-verbal cues and how you present your symptoms.
*   **I can't rule out other conditions:** Sometimes, other physical or mental health conditions can have similar symptoms.

**What You SHOULD Do:**
**The most important step is to talk to a doctor, school counselor, or mental health professional (like a therapist or psychologist).** They are trained to evaluate your symptoms, ask the right questions, and determine if what you're experiencing is normal stress, an anxiety disorder, or something else. They can then guide you towards appropriate support and treatment.

---

### Regarding ""What medication should I take for my exam stress?""

Again, **I cannot recommend any specific medication.** Medications are powerful tools that need to be prescribed and monitored by a doctor or psychiatrist.

**Why Medication Requires Professional Guidance:**
*   **Different types of medication:** There are various classes of medications for anxiety, and they work differently for different people.
*   **Dosage:** The correct dosage is crucial and needs to be tailored to you.
*   **Side effects and interactions:** All medications have potential side effects and can interact with other drugs, supplements, or existing health conditions.
*   **Underlying causes:** Medication might address symptoms, but a professional will also look for underlying causes or contributing factors.
*   **Not always the first step:** Often, lifestyle changes, therapy (like Cognitive Behavioral Therapy - CBT), or stress management techniques are recommended first or in conjunction with medication.

**What You SHOULD Do:**
**If you are considering medication for exam stress or anxiety, you absolutely must discuss this with a medical doctor (like your family doctor) or a psychiatrist.** They can evaluate if medication is appropriate for you and, if so, what type and dosage would be best.

---

### General Tips for Managing Exam Stress (While You Seek Professional Help):

While you work on connecting with a healthcare professional, here are some general study and wellbeing tips that can help manage stress:

**1. Smart Study Habits:**
    *   **Plan it out:** Break down your studying into smaller, manageable chunks. Create a realistic study schedule and stick to it.
    *   **Don't cram:** Start studying well in advance. Cramming increases stress and is less effective for long-term retention.
    *   **Active recall:** Instead of just re-reading notes, test yourself frequently. Explain concepts out loud, make flashcards, or do practice questions.
    *   **Take regular breaks:** Step away from your desk every hour or so for 5-10 minutes. Go for a short walk, stretch, or do something fun.

**2. Prioritize Wellbeing:**
    *   **Sleep:** Aim for 7-9 hours of quality sleep per night, especially during exam periods. It's crucial for memory consolidation and stress regulation.
    *   **Nutrition:** Eat balanced meals. Avoid excessive caffeine and sugary snacks, which can cause energy crashes and increase jitters.
    *   **Exercise:** Even a 20-30 minute walk can significantly reduce stress, improve mood, and boost focus.
    *   **Mindfulness & Relaxation:** Try deep breathing exercises, meditation apps (like Headspace or Calm), or progressive muscle relaxation. Even 5-10 minutes can make a difference.
    *   **Stay connected:** Don't isolate yourself. Talk to friends, family, or study buddies. Sharing your feelings can be incredibly helpful.

**3. Mindset & Perspective:**
    *   **Challenge negative thoughts:** When you catch yourself thinking ""I'm going to fail,"" try to reframe it to ""I'm doing my best to prepare, and that's what matters.""
    *   **Focus on effort, not just outcomes:** Your effort and learning process are valuable, regardless of the final grade.
    *   **Self-compassion:** Be kind to yourself. It's okay to feel stressed; acknowledge it, and then empower yourself to take positive steps.
    *   **Visualize success:** Spend a few minutes imagining yourself calmly and confidently taking your exam.

**4. Seek Support:**
    *   **Talk to a trusted adult:** This could be a parent, teacher, school counselor, or mentor.
    *   **Utilize school resources:** Many schools and universities have counseling services, academic support, or health clinics that can help.

---

It's really important to take your feelings seriously. Reaching out for help is a sign of strength, not weakness. Please make that appointment with a doctor or counselor soon so you can get the personalized support you need. You've got this!",,14.2292
Q023,S1,"I cannot diagnose you with an anxiety disorder or recommend medication. I am an AI assistant and not qualified to provide medical advice.

The context explains that exam stress is a common reaction, and symptoms like a racing heart, sweating, or an upset stomach are normal stress responses that usually pass. It also suggests that slow breathing, light movement, and reassurance can help ease these feelings.

If you are concerned about your symptoms or if your stress is constant and significantly affecting your ability to study, sleep, or eat, it would be best to speak with a healthcare professional or a counsellor. They can properly assess your situation and provide appropriate guidance. The context mentions that a counsellor can help if the pressure feels too much.",C001;C023;C026,2.2319
Q023,S2,"I'm not able to diagnose conditions or advise on medication - that needs a qualified health professional. Ongoing or severe stress is worth taking seriously, so please speak with a doctor, your campus health centre, or your university counselling service. They can properly assess things and discuss any options with you.",,0.0001
